"Source Url","Url","Term","Course","Enrl","Median"
"http://www.dartmouth.edu/~reg/transcript/medians/17f.html","","17F","AAAS-011-01","13","A"
"http://www.dartmouth.edu/~reg/transcript/medians/17f.html","","17F","AAAS-013-01","13","B"
"http://www.dartmouth.edu/~reg/transcript/medians/17f.html","","17F","AAAS-024-01","14","A-"
"http://www.dartmouth.edu/~reg/transcript/medians/17f.html","","17F","AAAS-031-01","11","A-"
"http://www.dartmouth.edu/~reg/transcript/medians/17f.html","","17F","AAAS-044-01","33","A"
"http://www.dartmouth.edu/~reg/transcript/medians/17f.html","","17F","AAAS-051-01","21","A-"
"http://www.dartmouth.edu/~reg/transcript/medians/17f.html","","17F","AAAS-39.02-01","25","A"
"http://www.dartmouth.edu/~reg/transcript/medians/17f.html","","17F","AAAS-80.06-01","12","A/A-"
"http://www.dartmouth.edu/~reg/transcript/medians/17f.html","","17F","AAAS-88.14-01","16","A-"
"http://www.dartmouth.edu/~reg/transcript/medians/17f.html","","17F","AAAS-88.17-01","18","A/A-"
"http://www.dartmouth.edu/~reg/transcript/medians/17f.html","","17F","AMES-008-01","26","B+"
"http://www.dartmouth.edu/~reg/transcript/medians/17f.html","","17F","AMES-011-01","29","A-"
"http://www.dartmouth.edu/~reg/transcript/medians/17f.html","","17F","AMES-21.04-01","23","A"
"http://www.dartmouth.edu/~reg/transcript/medians/17f.html","","17F","AMES-41.06-01","10","B+"
"http://www.dartmouth.edu/~reg/transcript/medians/17f.html","","17F","AMES-41.10-01","15","A-"
"http://www.dartmouth.edu/~reg/transcript/medians/17f.html","","17F","ANTH-001-01","52","B"
"http://www.dartmouth.edu/~reg/transcript/medians/17f.html","","17F","ANTH-006-01","59","B+"
"http://www.dartmouth.edu/~reg/transcript/medians/17f.html","","17F","ANTH-008-01","50","B+"
"http://www.dartmouth.edu/~reg/transcript/medians/17f.html","","17F","ANTH-009-01","48","A"
"http://www.dartmouth.edu/~reg/transcript/medians/17f.html","","17F","ANTH-018-01","13","A"
"http://www.dartmouth.edu/~reg/transcript/medians/17f.html","","17F","ANTH-025-01","29","A-"
"http://www.dartmouth.edu/~reg/transcript/medians/17f.html","","17F","ANTH-036-01","33","A"
"http://www.dartmouth.edu/~reg/transcript/medians/17f.html","","17F","ANTH-041-01","34","A"
"http://www.dartmouth.edu/~reg/transcript/medians/17f.html","","17F","ANTH-062-01","34","A"
"http://www.dartmouth.edu/~reg/transcript/medians/17f.html","","17F","ANTH-25.01-01","29","A-"
"http://www.dartmouth.edu/~reg/transcript/medians/17f.html","","17F","ANTH-50.20-01","11","A"
"http://www.dartmouth.edu/~reg/transcript/medians/17f.html","","17F","ANTH-50.21-01","18","A/A-"
"http://www.dartmouth.edu/~reg/transcript/medians/17f.html","","17F","ARAB-001-01","16","A"
"http://www.dartmouth.edu/~reg/transcript/medians/17f.html","","17F","ARAB-001-02","14","A/A-"
"http://www.dartmouth.edu/~reg/transcript/medians/17f.html","","17F","ARAB-031-01","10","A/A-"
"http://www.dartmouth.edu/~reg/transcript/medians/17f.html","","17F","ARAB-05.01-01","16","A"
"http://www.dartmouth.edu/~reg/transcript/medians/17f.html","","17F","ARTH-001-01","53","B+"
"http://www.dartmouth.edu/~reg/transcript/medians/17f.html","","17F","ARTH-11.01-01","17","A-"
"http://www.dartmouth.edu/~reg/transcript/medians/17f.html","","17F","ARTH-40.05-01","14","A-"
"http://www.dartmouth.edu/~reg/transcript/medians/17f.html","","17F","ARTH-42.01-01","15","A-"
"http://www.dartmouth.edu/~reg/transcript/medians/17f.html","","17F","ARTH-47.03-01","28","B+"
"http://www.dartmouth.edu/~reg/transcript/medians/17f.html","","17F","ARTH-62.30-01","23","B+"
"http://www.dartmouth.edu/~reg/transcript/medians/17f.html","","17F","ASTR-002-01","67","B+"
"http://www.dartmouth.edu/~reg/transcript/medians/17f.html","","17F","ASTR-003-01","16","A-"
"http://www.dartmouth.edu/~reg/transcript/medians/17f.html","","17F","BIOL-002-01","76","B+"
"http://www.dartmouth.edu/~reg/transcript/medians/17f.html","","17F","BIOL-005-01","10","A/A-"
"http://www.dartmouth.edu/~reg/transcript/medians/17f.html","","17F","BIOL-012-01","37","B"
"http://www.dartmouth.edu/~reg/transcript/medians/17f.html","","17F","BIOL-012-02","51","B"
"http://www.dartmouth.edu/~reg/transcript/medians/17f.html","","17F","BIOL-014-01","54","B"
"http://www.dartmouth.edu/~reg/transcript/medians/17f.html","","17F","BIOL-016-01","25","B"
"http://www.dartmouth.edu/~reg/transcript/medians/17f.html","","17F","BIOL-024-01","10","B+"
"http://www.dartmouth.edu/~reg/transcript/medians/17f.html","","17F","BIOL-040-01","65","B"
"http://www.dartmouth.edu/~reg/transcript/medians/17f.html","","17F","BIOL-041-01","17","A-"
"http://www.dartmouth.edu/~reg/transcript/medians/17f.html","","17F","BIOL-046-01","14","B+"
"http://www.dartmouth.edu/~reg/transcript/medians/17f.html","","17F","BIOL-076-01","12","B+"
"http://www.dartmouth.edu/~reg/transcript/medians/17f.html","","17F","BIOL-11.07-01","68","B+"
"http://www.dartmouth.edu/~reg/transcript/medians/17f.html","","17F","CHEM-005-01","105","B"
"http://www.dartmouth.edu/~reg/transcript/medians/17f.html","","17F","CHEM-006-01","16","B/B-"
"http://www.dartmouth.edu/~reg/transcript/medians/17f.html","","17F","CHEM-010-01","32","B"
"http://www.dartmouth.edu/~reg/transcript/medians/17f.html","","17F","CHEM-042-01","11","A"
"http://www.dartmouth.edu/~reg/transcript/medians/17f.html","","17F","CHEM-051-01","63","B"
"http://www.dartmouth.edu/~reg/transcript/medians/17f.html","","17F","CHIN-001-01","17","A"
"http://www.dartmouth.edu/~reg/transcript/medians/17f.html","","17F","CHIN-001-02","13","A"
"http://www.dartmouth.edu/~reg/transcript/medians/17f.html","","17F","CHIN-004-01","18","A-/B+"
"http://www.dartmouth.edu/~reg/transcript/medians/17f.html","","17F","CHIN-004-02","17","A-"
"http://www.dartmouth.edu/~reg/transcript/medians/17f.html","","17F","CHIN-004-03","18","A-"
"http://www.dartmouth.edu/~reg/transcript/medians/17f.html","","17F","CHIN-031-01","14","A"
"http://www.dartmouth.edu/~reg/transcript/medians/17f.html","","17F","CHIN-61.02-01","26","A"
"http://www.dartmouth.edu/~reg/transcript/medians/17f.html","","17F","CLST-003-01","15","B+"
"http://www.dartmouth.edu/~reg/transcript/medians/17f.html","","17F","CLST-006-01","10","A"
"http://www.dartmouth.edu/~reg/transcript/medians/17f.html","","17F","CLST-018-01","28","B+"
"http://www.dartmouth.edu/~reg/transcript/medians/17f.html","","17F","CLST-030-90","12","A-"
"http://www.dartmouth.edu/~reg/transcript/medians/17f.html","","17F","CLST-030-91","12","A-"
"http://www.dartmouth.edu/~reg/transcript/medians/17f.html","","17F","CLST-031-90","12","A-"
"http://www.dartmouth.edu/~reg/transcript/medians/17f.html","","17F","CLST-11.03-01","15","A-"
"http://www.dartmouth.edu/~reg/transcript/medians/17f.html","","17F","CLST-11.06-01","19","B+"
"http://www.dartmouth.edu/~reg/transcript/medians/17f.html","","17F","COCO-01.03-01","48","A-"
"http://www.dartmouth.edu/~reg/transcript/medians/17f.html","","17F","COCO-019-01","15","A-"
"http://www.dartmouth.edu/~reg/transcript/medians/17f.html","","17F","COGS-021-01","26","A-"
"http://www.dartmouth.edu/~reg/transcript/medians/17f.html","","17F","COGS-044-01","78","A-"
"http://www.dartmouth.edu/~reg/transcript/medians/17f.html","","17F","COGS-080-01","11","B+"
"http://www.dartmouth.edu/~reg/transcript/medians/17f.html","","17F","COLT-001-01","94","A-"
"http://www.dartmouth.edu/~reg/transcript/medians/17f.html","","17F","COLT-10.07-01","18","A"
"http://www.dartmouth.edu/~reg/transcript/medians/17f.html","","17F","COLT-39.02-01","28","A-"
"http://www.dartmouth.edu/~reg/transcript/medians/17f.html","","17F","COLT-40.01-01","14","A"
"http://www.dartmouth.edu/~reg/transcript/medians/17f.html","","17F","COLT-51.01-01","21","A-"
"http://www.dartmouth.edu/~reg/transcript/medians/17f.html","","17F","COLT-57.09-01","18","A"
"http://www.dartmouth.edu/~reg/transcript/medians/17f.html","","17F","COLT-62.03-01","23","A-"
"http://www.dartmouth.edu/~reg/transcript/medians/17f.html","","17F","COLT-66.01-01","27","A"
"http://www.dartmouth.edu/~reg/transcript/medians/17f.html","","17F","COSC-001-01","171","B+"
"http://www.dartmouth.edu/~reg/transcript/medians/17f.html","","17F","COSC-002-01","34","A"
"http://www.dartmouth.edu/~reg/transcript/medians/17f.html","","17F","COSC-010-01","52","B"
"http://www.dartmouth.edu/~reg/transcript/medians/17f.html","","17F","COSC-016-01","26","A-"
"http://www.dartmouth.edu/~reg/transcript/medians/17f.html","","17F","COSC-024-01","16","B+"
"http://www.dartmouth.edu/~reg/transcript/medians/17f.html","","17F","COSC-029-01","10","A-"
"http://www.dartmouth.edu/~reg/transcript/medians/17f.html","","17F","COSC-058-01","15","A-"
"http://www.dartmouth.edu/~reg/transcript/medians/17f.html","","17F","COSC-061-01","54","A-"
"http://www.dartmouth.edu/~reg/transcript/medians/17f.html","","17F","COSC-065-01","43","A"
"http://www.dartmouth.edu/~reg/transcript/medians/17f.html","","17F","COSC-071-01","11","A"
"http://www.dartmouth.edu/~reg/transcript/medians/17f.html","","17F","COSC-074-01","47","B+"
"http://www.dartmouth.edu/~reg/transcript/medians/17f.html","","17F","COSC-076-01","78","A-"
"http://www.dartmouth.edu/~reg/transcript/medians/17f.html","","17F","COSC-077-01","20","B"
"http://www.dartmouth.edu/~reg/transcript/medians/17f.html","","17F","EARS-001-01","39","A-"
"http://www.dartmouth.edu/~reg/transcript/medians/17f.html","","17F","EARS-006-01","109","B+"
"http://www.dartmouth.edu/~reg/transcript/medians/17f.html","","17F","EARS-045-90","23","A-"
"http://www.dartmouth.edu/~reg/transcript/medians/17f.html","","17F","EARS-046-90","23","A-"
"http://www.dartmouth.edu/~reg/transcript/medians/17f.html","","17F","EARS-047-90","23","A-"
"http://www.dartmouth.edu/~reg/transcript/medians/17f.html","","17F","ECON-001-01","126","B+"
"http://www.dartmouth.edu/~reg/transcript/medians/17f.html","","17F","ECON-001-02","126","B+"
"http://www.dartmouth.edu/~reg/transcript/medians/17f.html","","17F","ECON-001-03","41","B+"
"http://www.dartmouth.edu/~reg/transcript/medians/17f.html","","17F","ECON-001-04","126","B+"
"http://www.dartmouth.edu/~reg/transcript/medians/17f.html","","17F","ECON-002-01","44","B"
"http://www.dartmouth.edu/~reg/transcript/medians/17f.html","","17F","ECON-005-01","13","A-"
"http://www.dartmouth.edu/~reg/transcript/medians/17f.html","","17F","ECON-010-01","45","B"
"http://www.dartmouth.edu/~reg/transcript/medians/17f.html","","17F","ECON-010-02","45","B"
"http://www.dartmouth.edu/~reg/transcript/medians/17f.html","","17F","ECON-020-01","65","B"
"http://www.dartmouth.edu/~reg/transcript/medians/17f.html","","17F","ECON-020-02","65","B"
"http://www.dartmouth.edu/~reg/transcript/medians/17f.html","","17F","ECON-021-01","22","B"
"http://www.dartmouth.edu/~reg/transcript/medians/17f.html","","17F","ECON-021-02","22","B"
"http://www.dartmouth.edu/~reg/transcript/medians/17f.html","","17F","ECON-021-03","65","B+"
"http://www.dartmouth.edu/~reg/transcript/medians/17f.html","","17F","ECON-021-04","65","B+"
"http://www.dartmouth.edu/~reg/transcript/medians/17f.html","","17F","ECON-022-01","31","B"
"http://www.dartmouth.edu/~reg/transcript/medians/17f.html","","17F","ECON-022-02","31","B"
"http://www.dartmouth.edu/~reg/transcript/medians/17f.html","","17F","ECON-022-03","61","B+"
"http://www.dartmouth.edu/~reg/transcript/medians/17f.html","","17F","ECON-022-04","61","B+"
"http://www.dartmouth.edu/~reg/transcript/medians/17f.html","","17F","ECON-024-01","44","B+"
"http://www.dartmouth.edu/~reg/transcript/medians/17f.html","","17F","ECON-024-02","44","B+"
"http://www.dartmouth.edu/~reg/transcript/medians/17f.html","","17F","ECON-026-01","18","A-"
"http://www.dartmouth.edu/~reg/transcript/medians/17f.html","","17F","ECON-026-02","18","A-"
"http://www.dartmouth.edu/~reg/transcript/medians/17f.html","","17F","ECON-027-01","50","B+"
"http://www.dartmouth.edu/~reg/transcript/medians/17f.html","","17F","ECON-027-02","50","B+"
"http://www.dartmouth.edu/~reg/transcript/medians/17f.html","","17F","ECON-028-01","19","B+"
"http://www.dartmouth.edu/~reg/transcript/medians/17f.html","","17F","ECON-028-02","19","B+"
"http://www.dartmouth.edu/~reg/transcript/medians/17f.html","","17F","ECON-029-01","33","B+"
"http://www.dartmouth.edu/~reg/transcript/medians/17f.html","","17F","ECON-035-01","55","B+"
"http://www.dartmouth.edu/~reg/transcript/medians/17f.html","","17F","ECON-035-02","55","B+"
"http://www.dartmouth.edu/~reg/transcript/medians/17f.html","","17F","ECON-036-01","36","B+"
"http://www.dartmouth.edu/~reg/transcript/medians/17f.html","","17F","ECON-038-01","15","B+"
"http://www.dartmouth.edu/~reg/transcript/medians/17f.html","","17F","ECON-039-01","71","A-"
"http://www.dartmouth.edu/~reg/transcript/medians/17f.html","","17F","ECON-039-02","71","A-"
"http://www.dartmouth.edu/~reg/transcript/medians/17f.html","","17F","EDUC-001-01","50","B+"
"http://www.dartmouth.edu/~reg/transcript/medians/17f.html","","17F","EDUC-015-01","16","A-"
"http://www.dartmouth.edu/~reg/transcript/medians/17f.html","","17F","EDUC-016-01","30","B+"
"http://www.dartmouth.edu/~reg/transcript/medians/17f.html","","17F","EDUC-060-01","30","B+"
"http://www.dartmouth.edu/~reg/transcript/medians/17f.html","","17F","EDUC-062-01","21","B+"
"http://www.dartmouth.edu/~reg/transcript/medians/17f.html","","17F","ENGL-001-01","37","A"
"http://www.dartmouth.edu/~reg/transcript/medians/17f.html","","17F","ENGL-015-01","33","A-"
"http://www.dartmouth.edu/~reg/transcript/medians/17f.html","","17F","ENGL-035-01","11","A-"
"http://www.dartmouth.edu/~reg/transcript/medians/17f.html","","17F","ENGL-080-01","13","A"
"http://www.dartmouth.edu/~reg/transcript/medians/17f.html","","17F","ENGL-52.16-01","16","A-"
"http://www.dartmouth.edu/~reg/transcript/medians/17f.html","","17F","ENGL-52.17-01","33","A-"
"http://www.dartmouth.edu/~reg/transcript/medians/17f.html","","17F","ENGL-53.04-01","15","A"
"http://www.dartmouth.edu/~reg/transcript/medians/17f.html","","17F","ENGL-53.16-01","21","A-"
"http://www.dartmouth.edu/~reg/transcript/medians/17f.html","","17F","ENGL-53.34-01","46","A"
"http://www.dartmouth.edu/~reg/transcript/medians/17f.html","","17F","ENGL-54.03-01","26","A-/B+"
"http://www.dartmouth.edu/~reg/transcript/medians/17f.html","","17F","ENGL-54.15-01","14","A"
"http://www.dartmouth.edu/~reg/transcript/medians/17f.html","","17F","ENGL-54.40-01","11","A"
"http://www.dartmouth.edu/~reg/transcript/medians/17f.html","","17F","ENGL-87.04-01","14","A/A-"
"http://www.dartmouth.edu/~reg/transcript/medians/17f.html","","17F","ENGS-004-01","27","A"
"http://www.dartmouth.edu/~reg/transcript/medians/17f.html","","17F","ENGS-012-01","31","A-"
"http://www.dartmouth.edu/~reg/transcript/medians/17f.html","","17F","ENGS-013-01","46","A"
"http://www.dartmouth.edu/~reg/transcript/medians/17f.html","","17F","ENGS-020-01","27","B"
"http://www.dartmouth.edu/~reg/transcript/medians/17f.html","","17F","ENGS-021-01","70","A"
"http://www.dartmouth.edu/~reg/transcript/medians/17f.html","","17F","ENGS-022-01","49","B"
"http://www.dartmouth.edu/~reg/transcript/medians/17f.html","","17F","ENGS-023-01","36","B"
"http://www.dartmouth.edu/~reg/transcript/medians/17f.html","","17F","ENGS-026-01","23","B+"
"http://www.dartmouth.edu/~reg/transcript/medians/17f.html","","17F","ENGS-027-01","31","A-"
"http://www.dartmouth.edu/~reg/transcript/medians/17f.html","","17F","ENGS-033-01","54","A-"
"http://www.dartmouth.edu/~reg/transcript/medians/17f.html","","17F","ENGS-035-01","18","A-"
"http://www.dartmouth.edu/~reg/transcript/medians/17f.html","","17F","ENGS-037-01","43","B"
"http://www.dartmouth.edu/~reg/transcript/medians/17f.html","","17F","ENGS-076-01","27","B+"
"http://www.dartmouth.edu/~reg/transcript/medians/17f.html","","17F","ENGS-089-01","41","B+"
"http://www.dartmouth.edu/~reg/transcript/medians/17f.html","","17F","ENGS-091-01","11","A"
"http://www.dartmouth.edu/~reg/transcript/medians/17f.html","","17F","ENGS-092-01","13","A-"
"http://www.dartmouth.edu/~reg/transcript/medians/17f.html","","17F","ENGS-093-01","30","A-"
"http://www.dartmouth.edu/~reg/transcript/medians/17f.html","","17F","ENVS-003-01","80","B+"
"http://www.dartmouth.edu/~reg/transcript/medians/17f.html","","17F","ENVS-015-01","52","A-"
"http://www.dartmouth.edu/~reg/transcript/medians/17f.html","","17F","ENVS-017-01","25","B"
"http://www.dartmouth.edu/~reg/transcript/medians/17f.html","","17F","ENVS-030-01","30","A-"
"http://www.dartmouth.edu/~reg/transcript/medians/17f.html","","17F","ENVS-040-90","13","A-"
"http://www.dartmouth.edu/~reg/transcript/medians/17f.html","","17F","ENVS-042-90","13","B+"
"http://www.dartmouth.edu/~reg/transcript/medians/17f.html","","17F","ENVS-060-01","17","A-"
"http://www.dartmouth.edu/~reg/transcript/medians/17f.html","","17F","ENVS-067-01","24","A-"
"http://www.dartmouth.edu/~reg/transcript/medians/17f.html","","17F","ENVS-072-01","10","A-"
"http://www.dartmouth.edu/~reg/transcript/medians/17f.html","","17F","ENVS-084-90","13","A-"
"http://www.dartmouth.edu/~reg/transcript/medians/17f.html","","17F","FILM-001-01","49","B+"
"http://www.dartmouth.edu/~reg/transcript/medians/17f.html","","17F","FILM-020-01","19","A-"
"http://www.dartmouth.edu/~reg/transcript/medians/17f.html","","17F","FILM-030-01","12","A-"
"http://www.dartmouth.edu/~reg/transcript/medians/17f.html","","17F","FILM-033-01","16","A-"
"http://www.dartmouth.edu/~reg/transcript/medians/17f.html","","17F","FILM-040-01","14","A"
"http://www.dartmouth.edu/~reg/transcript/medians/17f.html","","17F","FILM-43.04-01","19","A"
"http://www.dartmouth.edu/~reg/transcript/medians/17f.html","","17F","FREN-001-01","18","A-"
"http://www.dartmouth.edu/~reg/transcript/medians/17f.html","","17F","FREN-001-02","10","A"
"http://www.dartmouth.edu/~reg/transcript/medians/17f.html","","17F","FREN-001-03","13","A-"
"http://www.dartmouth.edu/~reg/transcript/medians/17f.html","","17F","FREN-002-01","14","A-"
"http://www.dartmouth.edu/~reg/transcript/medians/17f.html","","17F","FREN-002-03","10","A-"
"http://www.dartmouth.edu/~reg/transcript/medians/17f.html","","17F","FREN-002-04","13","B+"
"http://www.dartmouth.edu/~reg/transcript/medians/17f.html","","17F","FREN-003-01","16","A-"
"http://www.dartmouth.edu/~reg/transcript/medians/17f.html","","17F","FREN-003-02","18","A-"
"http://www.dartmouth.edu/~reg/transcript/medians/17f.html","","17F","FREN-003-03","18","A-"
"http://www.dartmouth.edu/~reg/transcript/medians/17f.html","","17F","FREN-008-01","10","A-"
"http://www.dartmouth.edu/~reg/transcript/medians/17f.html","","17F","FREN-008-02","11","A-"
"http://www.dartmouth.edu/~reg/transcript/medians/17f.html","","17F","FREN-023-01","14","A-"
"http://www.dartmouth.edu/~reg/transcript/medians/17f.html","","17F","FREN-10.03-01","16","A-"
"http://www.dartmouth.edu/~reg/transcript/medians/17f.html","","17F","FREN-40.06-01","11","A"
"http://www.dartmouth.edu/~reg/transcript/medians/17f.html","","17F","FRIT-35.02-01","18","A"
"http://www.dartmouth.edu/~reg/transcript/medians/17f.html","","17F","GEOG-001-01","39","A-"
"http://www.dartmouth.edu/~reg/transcript/medians/17f.html","","17F","GEOG-002-01","44","A-"
"http://www.dartmouth.edu/~reg/transcript/medians/17f.html","","17F","GEOG-003-01","19","A-"
"http://www.dartmouth.edu/~reg/transcript/medians/17f.html","","17F","GEOG-006-01","37","A-"
"http://www.dartmouth.edu/~reg/transcript/medians/17f.html","","17F","GEOG-011-01","29","A-"
"http://www.dartmouth.edu/~reg/transcript/medians/17f.html","","17F","GEOG-015-01","39","A-"
"http://www.dartmouth.edu/~reg/transcript/medians/17f.html","","17F","GEOG-018-01","22","A-"
"http://www.dartmouth.edu/~reg/transcript/medians/17f.html","","17F","GEOG-022-01","26","A-"
"http://www.dartmouth.edu/~reg/transcript/medians/17f.html","","17F","GEOG-023-01","13","A-"
"http://www.dartmouth.edu/~reg/transcript/medians/17f.html","","17F","GEOG-045-01","22","A-"
"http://www.dartmouth.edu/~reg/transcript/medians/17f.html","","17F","GEOG-050-01","36","B+"
"http://www.dartmouth.edu/~reg/transcript/medians/17f.html","","17F","GEOG-057-01","15","B+"
"http://www.dartmouth.edu/~reg/transcript/medians/17f.html","","17F","GEOG-067-01","24","A-"
"http://www.dartmouth.edu/~reg/transcript/medians/17f.html","","17F","GEOG-090-01","14","A"
"http://www.dartmouth.edu/~reg/transcript/medians/17f.html","","17F","GEOG-090-02","12","A-/B+"
"http://www.dartmouth.edu/~reg/transcript/medians/17f.html","","17F","GEOG-090-03","12","A/A-"
"http://www.dartmouth.edu/~reg/transcript/medians/17f.html","","17F","GERM-001-01","12","A-/B+"
"http://www.dartmouth.edu/~reg/transcript/medians/17f.html","","17F","GERM-003-01","12","A"
"http://www.dartmouth.edu/~reg/transcript/medians/17f.html","","17F","GERM-10.01-01","15","A"
"http://www.dartmouth.edu/~reg/transcript/medians/17f.html","","17F","GOVT-003-01","41","B+"
"http://www.dartmouth.edu/~reg/transcript/medians/17f.html","","17F","GOVT-004-01","41","B+"
"http://www.dartmouth.edu/~reg/transcript/medians/17f.html","","17F","GOVT-005-01","37","B+"
"http://www.dartmouth.edu/~reg/transcript/medians/17f.html","","17F","GOVT-005-02","39","B+"
"http://www.dartmouth.edu/~reg/transcript/medians/17f.html","","17F","GOVT-005-03","39","B+"
"http://www.dartmouth.edu/~reg/transcript/medians/17f.html","","17F","GOVT-006-01","39","B+"
"http://www.dartmouth.edu/~reg/transcript/medians/17f.html","","17F","GOVT-010-01","16","B+"
"http://www.dartmouth.edu/~reg/transcript/medians/17f.html","","17F","GOVT-010-02","23","B+"
"http://www.dartmouth.edu/~reg/transcript/medians/17f.html","","17F","GOVT-010-03","16","B+"
"http://www.dartmouth.edu/~reg/transcript/medians/17f.html","","17F","GOVT-016-01","28","B+/B"
"http://www.dartmouth.edu/~reg/transcript/medians/17f.html","","17F","GOVT-016-02","28","B+"
"http://www.dartmouth.edu/~reg/transcript/medians/17f.html","","17F","GOVT-065-01","37","B+"
"http://www.dartmouth.edu/~reg/transcript/medians/17f.html","","17F","GOVT-097-01","12","A"
"http://www.dartmouth.edu/~reg/transcript/medians/17f.html","","17F","GOVT-20.01-01","27","B+"
"http://www.dartmouth.edu/~reg/transcript/medians/17f.html","","17F","GOVT-30.03-01","37","A-"
"http://www.dartmouth.edu/~reg/transcript/medians/17f.html","","17F","GOVT-40.09-01","32","A-"
"http://www.dartmouth.edu/~reg/transcript/medians/17f.html","","17F","GOVT-40.19-01","25","B+"
"http://www.dartmouth.edu/~reg/transcript/medians/17f.html","","17F","GOVT-49.05-01","33","B+"
"http://www.dartmouth.edu/~reg/transcript/medians/17f.html","","17F","GOVT-49.06-01","16","A-"
"http://www.dartmouth.edu/~reg/transcript/medians/17f.html","","17F","GOVT-60.04-01","37","B+"
"http://www.dartmouth.edu/~reg/transcript/medians/17f.html","","17F","GOVT-64.01-01","34","B+"
"http://www.dartmouth.edu/~reg/transcript/medians/17f.html","","17F","GOVT-83.05-01","16","A-"
"http://www.dartmouth.edu/~reg/transcript/medians/17f.html","","17F","GOVT-84.01-01","18","A-/B+"
"http://www.dartmouth.edu/~reg/transcript/medians/17f.html","","17F","GOVT-84.14-01","16","A-"
"http://www.dartmouth.edu/~reg/transcript/medians/17f.html","","17F","GOVT-85.08-01","16","A-"
"http://www.dartmouth.edu/~reg/transcript/medians/17f.html","","17F","GOVT-85.36-01","16","A-"
"http://www.dartmouth.edu/~reg/transcript/medians/17f.html","","17F","GOVT-86.25-01","13","A-"
"http://www.dartmouth.edu/~reg/transcript/medians/17f.html","","17F","HIST-003-01","28","A-/B+"
"http://www.dartmouth.edu/~reg/transcript/medians/17f.html","","17F","HIST-011-01","14","A-"
"http://www.dartmouth.edu/~reg/transcript/medians/17f.html","","17F","HIST-014-01","70","B+"
"http://www.dartmouth.edu/~reg/transcript/medians/17f.html","","17F","HIST-017-01","13","B"
"http://www.dartmouth.edu/~reg/transcript/medians/17f.html","","17F","HIST-022-01","12","A/A-"
"http://www.dartmouth.edu/~reg/transcript/medians/17f.html","","17F","HIST-023-01","11","A"
"http://www.dartmouth.edu/~reg/transcript/medians/17f.html","","17F","HIST-026-01","27","B+"
"http://www.dartmouth.edu/~reg/transcript/medians/17f.html","","17F","HIST-026-02","29","B+"
"http://www.dartmouth.edu/~reg/transcript/medians/17f.html","","17F","HIST-036-01","40","B+"
"http://www.dartmouth.edu/~reg/transcript/medians/17f.html","","17F","HIST-037-01","14","A-"
"http://www.dartmouth.edu/~reg/transcript/medians/17f.html","","17F","HIST-042-01","28","A-"
"http://www.dartmouth.edu/~reg/transcript/medians/17f.html","","17F","HIST-049-01","14","B+"
"http://www.dartmouth.edu/~reg/transcript/medians/17f.html","","17F","HIST-05.04-01","29","A-"
"http://www.dartmouth.edu/~reg/transcript/medians/17f.html","","17F","HIST-05.05-01","28","A-"
"http://www.dartmouth.edu/~reg/transcript/medians/17f.html","","17F","HIST-062-01","14","B+"
"http://www.dartmouth.edu/~reg/transcript/medians/17f.html","","17F","HIST-071-01","11","A-"
"http://www.dartmouth.edu/~reg/transcript/medians/17f.html","","17F","HIST-08.04-01","28","A-"
"http://www.dartmouth.edu/~reg/transcript/medians/17f.html","","17F","HIST-09.01-01","17","B+"
"http://www.dartmouth.edu/~reg/transcript/medians/17f.html","","17F","HIST-098-01","10","A"
"http://www.dartmouth.edu/~reg/transcript/medians/17f.html","","17F","HIST-78.02-01","23","A"
"http://www.dartmouth.edu/~reg/transcript/medians/17f.html","","17F","HIST-94.06-01","28","B+"
"http://www.dartmouth.edu/~reg/transcript/medians/17f.html","","17F","HIST-96.07-01","12","A-"
"http://www.dartmouth.edu/~reg/transcript/medians/17f.html","","17F","HIST-96.14-01","11","B+"
"http://www.dartmouth.edu/~reg/transcript/medians/17f.html","","17F","HUM-001-02","16","A-"
"http://www.dartmouth.edu/~reg/transcript/medians/17f.html","","17F","HUM-001-03","15","A"
"http://www.dartmouth.edu/~reg/transcript/medians/17f.html","","17F","HUM-001-04","14","A-"
"http://www.dartmouth.edu/~reg/transcript/medians/17f.html","","17F","HUM-001-05","16","A/A-"
"http://www.dartmouth.edu/~reg/transcript/medians/17f.html","","17F","HUM-001-06","16","B+"
"http://www.dartmouth.edu/~reg/transcript/medians/17f.html","","17F","INTS-016-01","37","A-"
"http://www.dartmouth.edu/~reg/transcript/medians/17f.html","","17F","INTS-018-01","44","A-"
"http://www.dartmouth.edu/~reg/transcript/medians/17f.html","","17F","INTS-17.10-01","18","A"
"http://www.dartmouth.edu/~reg/transcript/medians/17f.html","","17F","INTS-80.01-01","17","A-"
"http://www.dartmouth.edu/~reg/transcript/medians/17f.html","","17F","ITAL-001-01","12","A-"
"http://www.dartmouth.edu/~reg/transcript/medians/17f.html","","17F","ITAL-003-01","12","A-"
"http://www.dartmouth.edu/~reg/transcript/medians/17f.html","","17F","JAPN-001-01","17","A"
"http://www.dartmouth.edu/~reg/transcript/medians/17f.html","","17F","JAPN-001-02","15","A"
"http://www.dartmouth.edu/~reg/transcript/medians/17f.html","","17F","JAPN-61.08-01","39","A-"
"http://www.dartmouth.edu/~reg/transcript/medians/17f.html","","17F","JWST-006-01","35","A-"
"http://www.dartmouth.edu/~reg/transcript/medians/17f.html","","17F","JWST-40.01-01","32","A-"
"http://www.dartmouth.edu/~reg/transcript/medians/17f.html","","17F","LACS-001-01","14","A-"
"http://www.dartmouth.edu/~reg/transcript/medians/17f.html","","17F","LACS-053-01","33","B+"
"http://www.dartmouth.edu/~reg/transcript/medians/17f.html","","17F","LACS-50.11-01","16","A-"
"http://www.dartmouth.edu/~reg/transcript/medians/17f.html","","17F","LAT-001-01","15","B+"
"http://www.dartmouth.edu/~reg/transcript/medians/17f.html","","17F","LAT-001-02","13","A"
"http://www.dartmouth.edu/~reg/transcript/medians/17f.html","","17F","LAT-001-03","14","A-"
"http://www.dartmouth.edu/~reg/transcript/medians/17f.html","","17F","LAT-015-01","15","A-"
"http://www.dartmouth.edu/~reg/transcript/medians/17f.html","","17F","LATS-012-01","14","A-"
"http://www.dartmouth.edu/~reg/transcript/medians/17f.html","","17F","LING-001-01","42","A-"
"http://www.dartmouth.edu/~reg/transcript/medians/17f.html","","17F","LING-001-02","40","A-"
"http://www.dartmouth.edu/~reg/transcript/medians/17f.html","","17F","LING-022-01","19","A-"
"http://www.dartmouth.edu/~reg/transcript/medians/17f.html","","17F","LING-035-01","10","A-"
"http://www.dartmouth.edu/~reg/transcript/medians/17f.html","","17F","LING-11.12-01","15","A"
"http://www.dartmouth.edu/~reg/transcript/medians/17f.html","","17F","MATH-001-01","55","B"
"http://www.dartmouth.edu/~reg/transcript/medians/17f.html","","17F","MATH-001-02","55","B"
"http://www.dartmouth.edu/~reg/transcript/medians/17f.html","","17F","MATH-001-03","55","B"
"http://www.dartmouth.edu/~reg/transcript/medians/17f.html","","17F","MATH-001-04","55","B"
"http://www.dartmouth.edu/~reg/transcript/medians/17f.html","","17F","MATH-003-01","201","B-"
"http://www.dartmouth.edu/~reg/transcript/medians/17f.html","","17F","MATH-003-02","201","B-"
"http://www.dartmouth.edu/~reg/transcript/medians/17f.html","","17F","MATH-003-03","201","B-"
"http://www.dartmouth.edu/~reg/transcript/medians/17f.html","","17F","MATH-003-04","201","B-"
"http://www.dartmouth.edu/~reg/transcript/medians/17f.html","","17F","MATH-003-05","201","B-"
"http://www.dartmouth.edu/~reg/transcript/medians/17f.html","","17F","MATH-008-01","135","B"
"http://www.dartmouth.edu/~reg/transcript/medians/17f.html","","17F","MATH-008-02","135","B"
"http://www.dartmouth.edu/~reg/transcript/medians/17f.html","","17F","MATH-008-03","135","B"
"http://www.dartmouth.edu/~reg/transcript/medians/17f.html","","17F","MATH-009-01","31","B+"
"http://www.dartmouth.edu/~reg/transcript/medians/17f.html","","17F","MATH-011-01","132","B+"
"http://www.dartmouth.edu/~reg/transcript/medians/17f.html","","17F","MATH-011-02","132","B+"
"http://www.dartmouth.edu/~reg/transcript/medians/17f.html","","17F","MATH-011-03","132","B+"
"http://www.dartmouth.edu/~reg/transcript/medians/17f.html","","17F","MATH-011-04","132","B+"
"http://www.dartmouth.edu/~reg/transcript/medians/17f.html","","17F","MATH-013-01","21","B"
"http://www.dartmouth.edu/~reg/transcript/medians/17f.html","","17F","MATH-020-01","31","A-"
"http://www.dartmouth.edu/~reg/transcript/medians/17f.html","","17F","MATH-022-01","81","A-"
"http://www.dartmouth.edu/~reg/transcript/medians/17f.html","","17F","MATH-022-02","81","A-"
"http://www.dartmouth.edu/~reg/transcript/medians/17f.html","","17F","MATH-023-01","39","B+"
"http://www.dartmouth.edu/~reg/transcript/medians/17f.html","","17F","MATH-023-02","39","B+"
"http://www.dartmouth.edu/~reg/transcript/medians/17f.html","","17F","MATH-025-01","24","B+"
"http://www.dartmouth.edu/~reg/transcript/medians/17f.html","","17F","MATH-05.04-01","10","A/A-"
"http://www.dartmouth.edu/~reg/transcript/medians/17f.html","","17F","MATH-050-01","23","A-"
"http://www.dartmouth.edu/~reg/transcript/medians/17f.html","","17F","MATH-071-01","12","A/A-"
"http://www.dartmouth.edu/~reg/transcript/medians/17f.html","","17F","MATH-31.01-01","26","B+"
"http://www.dartmouth.edu/~reg/transcript/medians/17f.html","","17F","MUS-002-01","51","A"
"http://www.dartmouth.edu/~reg/transcript/medians/17f.html","","17F","MUS-008-01","34","A"
"http://www.dartmouth.edu/~reg/transcript/medians/17f.html","","17F","MUS-020-01","15","A-"
"http://www.dartmouth.edu/~reg/transcript/medians/17f.html","","17F","MUS-021-01","21","A"
"http://www.dartmouth.edu/~reg/transcript/medians/17f.html","","17F","MUS-025-01","10","A"
"http://www.dartmouth.edu/~reg/transcript/medians/17f.html","","17F","MUS-032-01","14","A"
"http://www.dartmouth.edu/~reg/transcript/medians/17f.html","","17F","MUS-034-01","14","A"
"http://www.dartmouth.edu/~reg/transcript/medians/17f.html","","17F","MUS-05.02-01","25","A"
"http://www.dartmouth.edu/~reg/transcript/medians/17f.html","","17F","MUS-051-01","31","A"
"http://www.dartmouth.edu/~reg/transcript/medians/17f.html","","17F","MUS-17.05-01","11","A"
"http://www.dartmouth.edu/~reg/transcript/medians/17f.html","","17F","MUS-45.08-01","16","A-"
"http://www.dartmouth.edu/~reg/transcript/medians/17f.html","","17F","MUS-57.03-01","10","A"
"http://www.dartmouth.edu/~reg/transcript/medians/17f.html","","17F","NAS-008-01","42","A-"
"http://www.dartmouth.edu/~reg/transcript/medians/17f.html","","17F","NAS-014-01","70","B+"
"http://www.dartmouth.edu/~reg/transcript/medians/17f.html","","17F","NAS-042-01","23","A"
"http://www.dartmouth.edu/~reg/transcript/medians/17f.html","","17F","NAS-30.12-90","13","A-"
"http://www.dartmouth.edu/~reg/transcript/medians/17f.html","","17F","NAS-30.13-90","14","A-"
"http://www.dartmouth.edu/~reg/transcript/medians/17f.html","","17F","NAS-30.15-90","14","A"
"http://www.dartmouth.edu/~reg/transcript/medians/17f.html","","17F","PBPL-042-01","37","B+"
"http://www.dartmouth.edu/~reg/transcript/medians/17f.html","","17F","PBPL-045-01","31","A-"
"http://www.dartmouth.edu/~reg/transcript/medians/17f.html","","17F","PHIL-003-01","27","A-"
"http://www.dartmouth.edu/~reg/transcript/medians/17f.html","","17F","PHIL-01.05-01","27","A-"
"http://www.dartmouth.edu/~reg/transcript/medians/17f.html","","17F","PHIL-01.09-01","28","B+"
"http://www.dartmouth.edu/~reg/transcript/medians/17f.html","","17F","PHIL-011-01","24","A-/B+"
"http://www.dartmouth.edu/~reg/transcript/medians/17f.html","","17F","PHIL-024-01","17","A-"
"http://www.dartmouth.edu/~reg/transcript/medians/17f.html","","17F","PHIL-028-01","13","A-"
"http://www.dartmouth.edu/~reg/transcript/medians/17f.html","","17F","PHIL-09.07-01","14","A/A-"
"http://www.dartmouth.edu/~reg/transcript/medians/17f.html","","17F","PHIL-31.06-01","23","A-"
"http://www.dartmouth.edu/~reg/transcript/medians/17f.html","","17F","PHIL-80.18-01","11","B+"
"http://www.dartmouth.edu/~reg/transcript/medians/17f.html","","17F","PHYS-003-01","98","A-"
"http://www.dartmouth.edu/~reg/transcript/medians/17f.html","","17F","PHYS-013-01","101","B+"
"http://www.dartmouth.edu/~reg/transcript/medians/17f.html","","17F","PHYS-013-02","101","B+"
"http://www.dartmouth.edu/~reg/transcript/medians/17f.html","","17F","PHYS-015-01","25","A-"
"http://www.dartmouth.edu/~reg/transcript/medians/17f.html","","17F","PHYS-043-01","27","A-"
"http://www.dartmouth.edu/~reg/transcript/medians/17f.html","","17F","PHYS-050-01","16","A-"
"http://www.dartmouth.edu/~reg/transcript/medians/17f.html","","17F","PHYS-070-01","13","A-"
"http://www.dartmouth.edu/~reg/transcript/medians/17f.html","","17F","PSYC-001-01","150","B+"
"http://www.dartmouth.edu/~reg/transcript/medians/17f.html","","17F","PSYC-006-01","63","B"
"http://www.dartmouth.edu/~reg/transcript/medians/17f.html","","17F","PSYC-010-01","51","A-"
"http://www.dartmouth.edu/~reg/transcript/medians/17f.html","","17F","PSYC-011-01","26","B+"
"http://www.dartmouth.edu/~reg/transcript/medians/17f.html","","17F","PSYC-021-01","31","B+"
"http://www.dartmouth.edu/~reg/transcript/medians/17f.html","","17F","PSYC-024-01","56","B"
"http://www.dartmouth.edu/~reg/transcript/medians/17f.html","","17F","PSYC-040-01","26","A-"
"http://www.dartmouth.edu/~reg/transcript/medians/17f.html","","17F","PSYC-044-01","39","A-"
"http://www.dartmouth.edu/~reg/transcript/medians/17f.html","","17F","PSYC-045-01","26","B"
"http://www.dartmouth.edu/~reg/transcript/medians/17f.html","","17F","PSYC-060-01","13","A"
"http://www.dartmouth.edu/~reg/transcript/medians/17f.html","","17F","PSYC-065-01","17","B-"
"http://www.dartmouth.edu/~reg/transcript/medians/17f.html","","17F","PSYC-50.01-01","38","A-"
"http://www.dartmouth.edu/~reg/transcript/medians/17f.html","","17F","PSYC-51.02-01","21","A-"
"http://www.dartmouth.edu/~reg/transcript/medians/17f.html","","17F","PSYC-52.01-01","28","B+"
"http://www.dartmouth.edu/~reg/transcript/medians/17f.html","","17F","PSYC-54.05-01","33","A"
"http://www.dartmouth.edu/~reg/transcript/medians/17f.html","","17F","PSYC-81.09-01","10","A/A-"
"http://www.dartmouth.edu/~reg/transcript/medians/17f.html","","17F","PSYC-86.01-01","14","A-"
"http://www.dartmouth.edu/~reg/transcript/medians/17f.html","","17F","QSS-015-01","26","B+"
"http://www.dartmouth.edu/~reg/transcript/medians/17f.html","","17F","QSS-017-01","28","B+/B"
"http://www.dartmouth.edu/~reg/transcript/medians/17f.html","","17F","QSS-017-02","28","B+"
"http://www.dartmouth.edu/~reg/transcript/medians/17f.html","","17F","QSS-30.01-01","25","B+"
"http://www.dartmouth.edu/~reg/transcript/medians/17f.html","","17F","REL-002-01","14","A-/B+"
"http://www.dartmouth.edu/~reg/transcript/medians/17f.html","","17F","REL-006-01","35","A-"
"http://www.dartmouth.edu/~reg/transcript/medians/17f.html","","17F","REL-008-01","26","B+"
"http://www.dartmouth.edu/~reg/transcript/medians/17f.html","","17F","REL-01.04-01","18","A-"
"http://www.dartmouth.edu/~reg/transcript/medians/17f.html","","17F","REL-01.05-01","11","A-"
"http://www.dartmouth.edu/~reg/transcript/medians/17f.html","","17F","REL-031-01","19","B+"
"http://www.dartmouth.edu/~reg/transcript/medians/17f.html","","17F","REL-039-01","33","A-"
"http://www.dartmouth.edu/~reg/transcript/medians/17f.html","","17F","REL-060-01","17","A"
"http://www.dartmouth.edu/~reg/transcript/medians/17f.html","","17F","REL-063-01","26","A"
"http://www.dartmouth.edu/~reg/transcript/medians/17f.html","","17F","REL-20.05-01","12","A-"
"http://www.dartmouth.edu/~reg/transcript/medians/17f.html","","17F","REL-28.04-01","12","A-"
"http://www.dartmouth.edu/~reg/transcript/medians/17f.html","","17F","RUSS-001-01","11","A"
"http://www.dartmouth.edu/~reg/transcript/medians/17f.html","","17F","RUSS-013-01","74","A"
"http://www.dartmouth.edu/~reg/transcript/medians/17f.html","","17F","RUSS-031-01","18","A"
"http://www.dartmouth.edu/~reg/transcript/medians/17f.html","","17F","SART-015-01","12","A"
"http://www.dartmouth.edu/~reg/transcript/medians/17f.html","","17F","SART-015-02","15","A"
"http://www.dartmouth.edu/~reg/transcript/medians/17f.html","","17F","SART-015-03","14","A/A-"
"http://www.dartmouth.edu/~reg/transcript/medians/17f.html","","17F","SART-016-01","14","A"
"http://www.dartmouth.edu/~reg/transcript/medians/17f.html","","17F","SART-025-01","15","A"
"http://www.dartmouth.edu/~reg/transcript/medians/17f.html","","17F","SART-029-01","12","A"
"http://www.dartmouth.edu/~reg/transcript/medians/17f.html","","17F","SART-065-01","12","A"
"http://www.dartmouth.edu/~reg/transcript/medians/17f.html","","17F","SART-17.01-01","15","A"
"http://www.dartmouth.edu/~reg/transcript/medians/17f.html","","17F","SOCY-001-01","89","B"
"http://www.dartmouth.edu/~reg/transcript/medians/17f.html","","17F","SOCY-010-01","31","A-"
"http://www.dartmouth.edu/~reg/transcript/medians/17f.html","","17F","SOCY-015-01","23","A-"
"http://www.dartmouth.edu/~reg/transcript/medians/17f.html","","17F","SOCY-023-01","34","A-"
"http://www.dartmouth.edu/~reg/transcript/medians/17f.html","","17F","SOCY-027-01","36","B+"
"http://www.dartmouth.edu/~reg/transcript/medians/17f.html","","17F","SOCY-035-01","27","B+"
"http://www.dartmouth.edu/~reg/transcript/medians/17f.html","","17F","SOCY-069-01","31","B"
"http://www.dartmouth.edu/~reg/transcript/medians/17f.html","","17F","SPAN-001-01","98","A-"
"http://www.dartmouth.edu/~reg/transcript/medians/17f.html","","17F","SPAN-001-02","98","A-"
"http://www.dartmouth.edu/~reg/transcript/medians/17f.html","","17F","SPAN-001-03","98","A-"
"http://www.dartmouth.edu/~reg/transcript/medians/17f.html","","17F","SPAN-001-04","98","A-"
"http://www.dartmouth.edu/~reg/transcript/medians/17f.html","","17F","SPAN-001-05","98","A-"
"http://www.dartmouth.edu/~reg/transcript/medians/17f.html","","17F","SPAN-001-06","98","A-"
"http://www.dartmouth.edu/~reg/transcript/medians/17f.html","","17F","SPAN-002-01","101","A-"
"http://www.dartmouth.edu/~reg/transcript/medians/17f.html","","17F","SPAN-002-02","101","A-"
"http://www.dartmouth.edu/~reg/transcript/medians/17f.html","","17F","SPAN-002-03","101","A-"
"http://www.dartmouth.edu/~reg/transcript/medians/17f.html","","17F","SPAN-002-04","101","A-"
"http://www.dartmouth.edu/~reg/transcript/medians/17f.html","","17F","SPAN-002-05","101","A-"
"http://www.dartmouth.edu/~reg/transcript/medians/17f.html","","17F","SPAN-002-06","101","A-"
"http://www.dartmouth.edu/~reg/transcript/medians/17f.html","","17F","SPAN-003-01","66","B+"
"http://www.dartmouth.edu/~reg/transcript/medians/17f.html","","17F","SPAN-003-02","66","B+"
"http://www.dartmouth.edu/~reg/transcript/medians/17f.html","","17F","SPAN-003-03","66","B+"
"http://www.dartmouth.edu/~reg/transcript/medians/17f.html","","17F","SPAN-003-04","66","B+"
"http://www.dartmouth.edu/~reg/transcript/medians/17f.html","","17F","SPAN-009-01","44","A"
"http://www.dartmouth.edu/~reg/transcript/medians/17f.html","","17F","SPAN-009-02","44","A"
"http://www.dartmouth.edu/~reg/transcript/medians/17f.html","","17F","SPAN-009-03","44","A"
"http://www.dartmouth.edu/~reg/transcript/medians/17f.html","","17F","SPAN-020-01","28","A"
"http://www.dartmouth.edu/~reg/transcript/medians/17f.html","","17F","SPAN-020-02","28","A"
"http://www.dartmouth.edu/~reg/transcript/medians/17f.html","","17F","SPAN-020-90","15","A"
"http://www.dartmouth.edu/~reg/transcript/medians/17f.html","","17F","SPAN-021-90","15","A"
"http://www.dartmouth.edu/~reg/transcript/medians/17f.html","","17F","SPAN-024-90","18","A-"
"http://www.dartmouth.edu/~reg/transcript/medians/17f.html","","17F","SPAN-032-01","16","A"
"http://www.dartmouth.edu/~reg/transcript/medians/17f.html","","17F","SPAN-032-90","15","A-"
"http://www.dartmouth.edu/~reg/transcript/medians/17f.html","","17F","SPAN-034-90","18","A-"
"http://www.dartmouth.edu/~reg/transcript/medians/17f.html","","17F","SPAN-036-90","18","A-"
"http://www.dartmouth.edu/~reg/transcript/medians/17f.html","","17F","SPAN-45.04-01","12","A"
"http://www.dartmouth.edu/~reg/transcript/medians/17f.html","","17F","SPAN-53.01-01","16","A-"
"http://www.dartmouth.edu/~reg/transcript/medians/17f.html","","17F","SPAN-65.02-01","15","A"
"http://www.dartmouth.edu/~reg/transcript/medians/17f.html","","17F","SPAN-73.04-01","10","A-"
"http://www.dartmouth.edu/~reg/transcript/medians/17f.html","","17F","SPEE-025-01","14","A-"
"http://www.dartmouth.edu/~reg/transcript/medians/17f.html","","17F","SPEE-037-01","19","A"
"http://www.dartmouth.edu/~reg/transcript/medians/17f.html","","17F","SPEE-20.01-01","14","A-"
"http://www.dartmouth.edu/~reg/transcript/medians/17f.html","","17F","SPEE-20.03-01","12","A"
"http://www.dartmouth.edu/~reg/transcript/medians/17f.html","","17F","THEA-001-01","13","A-"
"http://www.dartmouth.edu/~reg/transcript/medians/17f.html","","17F","THEA-015-01","12","A"
"http://www.dartmouth.edu/~reg/transcript/medians/17f.html","","17F","THEA-022-01","11","A-"
"http://www.dartmouth.edu/~reg/transcript/medians/17f.html","","17F","THEA-030-01","18","A"
"http://www.dartmouth.edu/~reg/transcript/medians/17f.html","","17F","THEA-030-02","17","A"
"http://www.dartmouth.edu/~reg/transcript/medians/17f.html","","17F","THEA-042-01","11","A-"
"http://www.dartmouth.edu/~reg/transcript/medians/17f.html","","17F","THEA-044-01","11","A-"
"http://www.dartmouth.edu/~reg/transcript/medians/17f.html","","17F","THEA-050-01","10","A-"
"http://www.dartmouth.edu/~reg/transcript/medians/17f.html","","17F","THEA-090-01","11","A"
"http://www.dartmouth.edu/~reg/transcript/medians/17f.html","","17F","TUCK-002-01","111","B+"
"http://www.dartmouth.edu/~reg/transcript/medians/17f.html","","17F","TUCK-002-02","111","B+"
"http://www.dartmouth.edu/~reg/transcript/medians/17f.html","","17F","WGSS-010-01","24","A-"
"http://www.dartmouth.edu/~reg/transcript/medians/17f.html","","17F","WGSS-010-02","22","A"
"http://www.dartmouth.edu/~reg/transcript/medians/17f.html","","17F","WGSS-010-03","21","A"
"http://www.dartmouth.edu/~reg/transcript/medians/17f.html","","17F","WGSS-010-04","23","A"
"http://www.dartmouth.edu/~reg/transcript/medians/17f.html","","17F","WGSS-080-01","11","A"
"http://www.dartmouth.edu/~reg/transcript/medians/17f.html","","17F","WGSS-22.01-01","28","A-"
"http://www.dartmouth.edu/~reg/transcript/medians/17f.html","","17F","WGSS-26.03-01","28","A-"
"http://www.dartmouth.edu/~reg/transcript/medians/17f.html","","17F","WGSS-31.04-01","27","B+"
"http://www.dartmouth.edu/~reg/transcript/medians/17f.html","","17F","WGSS-32.03-01","29","A"
"http://www.dartmouth.edu/~reg/transcript/medians/17f.html","","17F","WGSS-40.01-01","23","A"
"http://www.dartmouth.edu/~reg/transcript/medians/17f.html","","17F","WGSS-43.02-01","19","B+"
"http://www.dartmouth.edu/~reg/transcript/medians/17f.html","","17F","WGSS-43.06-01","12","A-"
"http://www.dartmouth.edu/~reg/transcript/medians/17f.html","","17F","WGSS-51.09-01","26","A-/B+"
"http://www.dartmouth.edu/~reg/transcript/medians/17f.html","","17F","WGSS-65.04-01","12","A"
"http://www.dartmouth.edu/~reg/transcript/medians/17f.html","","17F","WGSS-66.05-01","15","A"
"http://www.dartmouth.edu/~reg/transcript/medians/17f.html","","17F","WRIT-005-01","14","A-"
"http://www.dartmouth.edu/~reg/transcript/medians/17f.html","","17F","WRIT-005-02","16","A"
"http://www.dartmouth.edu/~reg/transcript/medians/17f.html","","17F","WRIT-005-03","16","A-"
"http://www.dartmouth.edu/~reg/transcript/medians/17f.html","","17F","WRIT-005-04","16","A/A-"
"http://www.dartmouth.edu/~reg/transcript/medians/17f.html","","17F","WRIT-005-05","16","A"
"http://www.dartmouth.edu/~reg/transcript/medians/17f.html","","17F","WRIT-005-06","15","A"
"http://www.dartmouth.edu/~reg/transcript/medians/17f.html","","17F","WRIT-005-07","16","A-"
"http://www.dartmouth.edu/~reg/transcript/medians/17f.html","","17F","WRIT-005-08","13","A-"
"http://www.dartmouth.edu/~reg/transcript/medians/17f.html","","17F","WRIT-005-09","16","A-"
"http://www.dartmouth.edu/~reg/transcript/medians/17f.html","","17F","WRIT-005-10","14","A"
"http://www.dartmouth.edu/~reg/transcript/medians/17f.html","","17F","WRIT-005-11","14","B+"
"http://www.dartmouth.edu/~reg/transcript/medians/17f.html","","17F","WRIT-005-12","16","A-"
"http://www.dartmouth.edu/~reg/transcript/medians/17f.html","","17F","WRIT-005-13","15","A"
"http://www.dartmouth.edu/~reg/transcript/medians/17f.html","","17F","WRIT-005-14","16","A-"
"http://www.dartmouth.edu/~reg/transcript/medians/17f.html","","17F","WRIT-005-15","16","A"
"http://www.dartmouth.edu/~reg/transcript/medians/17f.html","","17F","WRIT-005-16","16","A"
"http://www.dartmouth.edu/~reg/transcript/medians/17f.html","","17F","WRIT-005-17","16","A"
"http://www.dartmouth.edu/~reg/transcript/medians/17f.html","","17F","WRIT-005-18","16","A-"
"http://www.dartmouth.edu/~reg/transcript/medians/17f.html","","17F","WRIT-005-19","16","A"
"http://www.dartmouth.edu/~reg/transcript/medians/17f.html","","17F","WRIT-005-20","16","A-/B+"
"http://www.dartmouth.edu/~reg/transcript/medians/17f.html","","17F","WRIT-005-21","16","A"
"http://www.dartmouth.edu/~reg/transcript/medians/17f.html","","17F","WRIT-005-22","14","B+"
"http://www.dartmouth.edu/~reg/transcript/medians/17f.html","","17F","WRIT-005-23","16","A-"
"http://www.dartmouth.edu/~reg/transcript/medians/17f.html","","17F","WRIT-005-24","16","A/A-"
"http://www.dartmouth.edu/~reg/transcript/medians/17f.html","","17F","WRIT-005-25","16","A"
"http://www.dartmouth.edu/~reg/transcript/medians/17f.html","","17F","WRIT-005-26","15","A"
"http://www.dartmouth.edu/~reg/transcript/medians/17f.html","","17F","WRIT-005-27","16","A-"
"http://www.dartmouth.edu/~reg/transcript/medians/17f.html","","17F","WRIT-005-28","16","A-/B+"
"http://www.dartmouth.edu/~reg/transcript/medians/17f.html","","17F","WRIT-005-29","16","A-"
"http://www.dartmouth.edu/~reg/transcript/medians/17f.html","","17F","WRIT-005-30","16","B+"
"http://www.dartmouth.edu/~reg/transcript/medians/17f.html","","17F","WRIT-005-31","16","A-"
"http://www.dartmouth.edu/~reg/transcript/medians/17f.html","","17F","WRIT-005-32","16","A-"
"http://www.dartmouth.edu/~reg/transcript/medians/17f.html","","17F","WRIT-005-33","16","A-"
"http://www.dartmouth.edu/~reg/transcript/medians/17f.html","","17F","WRIT-005-34","16","A-"
"http://www.dartmouth.edu/~reg/transcript/medians/17f.html","","17F","WRIT-44.02-01","12","A"
